<?xml version="1.0" encoding="utf-8"?>
<resources>
    <string-array name="motds">
        <item>Your luck lies on the streets of Veszprém.</item>
        <item>You don\'t need alcohol to be happy. You also don\'t need happiness to drink alcohol. But it\'s good if you have both.</item>
        <item>Gyuszi write something here!</item>
        <!--
        Expand this list here, above the comment!
        Just type <item>YOUR TEXT</item> and it will show up randomly on the main page.
        The english and hungarian motds.xml files don't have to match.
        (But it's good if both arrays have the same amount of items.)
        -->
    </string-array>
</resources>
